"","WT.RT.1","WT.RT.2","WT.RT.3","KO.RT.1","KO.RT.2","KO.RT.3","WT.COLD.1","WT.COLD.2","WT.COLD.3","KO.COLD.1","KO.COLD.2","KO.COLD.3"
"Wfdc17",4.96515512259075,5.66597519513612,5.3653681550551,6.55343931435839,7.17685684913044,6.05955273939828,6.22298087354301,6.56975256253897,6.53381406384689,7.46336574576757,6.891934198654,7.22425137947701
"Gm11335",5.32594872055582,5.01281209289547,5.33540655423842,3.93690910040473,4.58214309304433,3.47179385208568,4.85833436050256,4.69779408327017,4.02164520737354,3.82875015791193,4.04752410756473,4.2574346500273
"Gm11696",4.92640430913167,5.09786955483169,4.84701782352445,3.94319074574697,4.41379907924824,4.5416753675201,6.52878123376258,6.243202839413,6.43929835416639,5.31859359468688,5.3230263449287,5.37198895401947
"Mup12",4.86654739966648,5.39536946229839,4.94870762565207,7.65163625459491,7.8813003610474,5.92403797019481,5.27174837274329,5.75782126408062,5.45338946806368,7.55470270509877,6.37798444610157,7.36137681989733
"Tcf24",5.5252387478424,5.16810659767445,5.16216429579197,5.76775710853035,5.12743201151497,5.43621298045376,4.21330657397353,4.02170377608713,4.30090357171029,4.59177061660565,5.51013813184935,5.50178251010769
"Ahnak2",4.1476511421873,3.61898423817226,3.48283725152557,4.63378642411237,5.1231447697167,4.57813964623544,3.21008744326317,3.23431374750262,3.32877956841804,4.0958987255548,3.83018478255392,3.27739926747395
"4930522L14Rik",2.61910454383251,3.17588547349305,2.45820388997292,4.15122160850416,4.08315018165544,3.07538590464572,2.08172277485032,2.36086310177505,2.52780151979611,2.55591087194037,2.46078554565249,2.14765758055277
"C920021L13Rik",3.81815460860258,4.47464815602767,4.3067480550942,5.36154000466072,5.45267070369604,5.03931912494159,2.9803619680667,3.64505619736947,3.47102403913508,4.68715743270945,4.36654636047986,4.31995944724803
"Mir453",2.0003189072477,2.18743260224476,2.0593506444507,4.87497098762596,3.94458889080601,3.64852220683329,3.65783207238092,4.27990960731676,4.65052747994574,2.82062838262785,5.08574356329349,4.66429250128887
"Scarna9",4.17683589936772,4.10978096078929,4.16662487064209,5.41921526292119,5.43184836478076,5.14740654728454,4.67235548401591,4.09004619834636,5.112162358039,4.98669860067276,4.5059597136288,4.60843444447852
"Snord99",7.15206360338937,6.57168700657136,7.46292045255364,7.92822239507849,8.01788930320513,8.32509198442147,7.34734514299401,7.00451513997696,6.77303618803658,6.91042495750739,7.13086994362359,7.17039514608356
"Snord16a",5.66815300874558,5.17438181964073,5.10303183226127,3.97489436570077,4.19761927999034,4.69750091774552,7.27064274016998,6.72822293057541,7.3449640877413,7.19529520067254,7.47845182320151,7.65148850209381
"Snord89",7.8399503663279,6.71621856062159,7.59516026750891,8.52795214690676,8.35693460656543,8.49532158692761,8.21103733818849,7.86829316989005,7.65844015507541,7.42175492667876,7.88276837446774,7.68298322117586
"Mir467h",4.5253372107073,3.77941772290195,2.80343362524615,2.79940870274113,1.82337828839927,2.21643826429541,2.0753633113827,2.22405255786967,1.9262456346517,2.47395393897311,2.21524904801207,2.04935326765593
"Mir1933",2.65373602146457,3.39818800788796,3.244508960559,2.85728962347281,2.27501528580138,2.1238930311024,2.76373222830189,3.47531680143449,2.94160132052091,4.5633229584534,4.05622342289824,4.75021635299771
"Mir466f-4",3.24634935041048,3.20803959621426,1.96995598233723,2.79218731582438,2.23692279632354,2.85514784401618,3.03991207153693,2.40411632703844,2.40065508632979,4.09307128991139,3.75782395700599,3.59943741109608
"Gm12002",6.17949857068734,6.57832358615505,6.56345202050872,6.15065395634598,6.2853552548826,6.59376281666282,5.09413086210502,4.21512803722388,5.07464085018945,3.79274064497191,3.75668866137595,3.27926694410314
"C230037L18Rik",4.66141370844915,5.22512708166784,5.09108789510951,5.59887148090536,5.82675292656595,5.62512588013269,5.45681190292407,5.24287533110921,5.2983946202675,5.9994362385345,6.13460484909388,6.93551730608138
"Gm21190",5.29184152199506,6.2841015978855,5.23233628479895,4.19416617106786,3.50016359268464,4.14561152070813,3.50501503355576,3.61652079496416,3.26733271353146,3.62840784096005,3.09273333862893,3.42672834766609
"Adamts9",8.25591634728321,8.0394746171829,8.25308540402678,7.66220985599107,7.34065447005593,7.61742024013053,8.72492028939124,8.79754981484887,8.8859689290397,9.33574120141744,9.0653833017127,9.72364041079422
"Gm11734",2.52456994317735,2.2033128251687,1.86664373653368,3.75474127553369,3.97340624844449,3.19270987912145,1.6299899527605,2.42653801333951,2.24816429222503,2.79110505027583,3.80569486766677,2.91806454625048
"Gm16984",4.42127007397478,5.04334084318764,4.60357616225823,3.88000191129043,3.7026123306957,3.85058404620767,4.07414969057438,4.58864063358861,4.21820174548172,2.94312820286274,3.13150544135885,2.85987962051005
"Pld4",5.87334333669686,5.59158267593017,5.79160616988657,6.62389253567002,7.28993460335472,6.34685802245211,6.02938855827251,6.7359891457011,6.39328672339108,6.08281795488891,5.68735661290055,6.13261636574805
"Nhlrc1",4.94001700866759,4.27601012530935,4.30985709331832,3.78577941255551,4.70950354118806,4.94061667559147,6.07533286518057,5.91059980959214,6.32087016989071,4.73076850814514,5.02966482661571,5.23565619247892
"Gm13270",1.51844330064124,1.86297776799502,2.59930421772059,3.04046797085628,3.18110674559697,2.85813610690045,1.71447444499037,1.90812524734109,1.71257186309464,1.54620307672843,1.79875839458469,2.43862826350358
"Mal2",6.90232339061776,7.25469789196964,7.22479162718232,6.08103929482357,6.02069840131348,6.45358143529087,7.56825142771345,7.38601441070017,7.25940613021815,5.93618881656928,6.10496447138896,6.19729895387154
"Ppcs",3.51347291134143,2.94344779842851,2.73270826248092,2.71205517735673,3.04954216635721,3.16187472920643,5.2261239304482,4.23287785253138,4.02507162880618,2.8846275415126,3.46843246505435,3.18950332961003
"Stap2",6.55705383189565,6.6527295123912,7.01788675530036,5.48269298829257,6.01768447708843,5.84280344882809,6.75619942468671,6.86297669424121,6.49693511709025,4.89371471465983,5.82395864693255,5.70931326434197
"Ffar4",8.07205895337959,8.04493486745826,7.92022929909019,7.2065664513958,6.53795243439593,6.19717097303124,8.78852951488765,9.24514962833965,8.59828223912096,9.15298907692724,8.53073405081557,8.95096336141229
"Nod1",6.16581811660508,6.43393051536287,6.52540389875148,6.93829314412846,7.20780357505691,6.94442896579615,6.33391035739877,6.11314507964399,6.37301570485979,5.89081307619802,5.69377266578502,5.7349376374666
"Flacc1",6.78987438050326,6.96714753286074,7.27550381813891,7.61097268689232,7.74251804341467,7.71757395489655,6.74029134133087,6.95919984495684,6.9428744538038,7.38011144539073,7.81558134294485,8.56341421405874
"Iglv2",4.38814666497784,4.33884314978305,3.01233248050396,3.75770802768565,3.18151827319869,2.76545781650475,6.28368549224921,4.45596027056911,5.49072133837098,3.30522868667971,3.2123399658998,2.71905022963003
"Egln3",5.84416286919441,6.19452252700867,6.26184685576955,6.68219021031181,6.36066229054987,6.62743799765479,6.35599975922076,6.90362207923178,7.28325359830756,8.98802054915254,7.92289464274753,8.57062511143165
"Adam8",3.23775700337058,3.23209158709478,3.21953461652306,3.48512266156196,3.60665368612824,3.81416214869014,4.21843615657667,4.44059490890735,4.08622116136108,4.80125311767401,5.02005145009096,6.07695607407737
"Anxa8",6.21047304422618,6.07091589390267,6.87676844248308,4.59332703685291,4.54544672865255,4.49056115246697,5.63381454074613,6.07989019848945,4.84407632468771,2.9150032873751,3.9306674400085,3.6460438397489
"Synpo2",4.52120612675903,4.61167096050657,4.19064266856388,6.23146138914885,5.47791633450383,5.84587387123204,4.65599289461637,4.76780273387188,4.80002831273516,5.27229511418344,4.98460395524871,5.26139254246803
"C1qb",7.47765424427874,7.40129942594825,7.56966231862189,8.63601655638622,8.86336758897983,8.42849039026108,8.39222087610724,8.89334756832866,8.60237168921635,8.2874682697464,8.97512442840747,9.314059077804
"Cacna1a",4.23306876136939,4.24125249884599,3.87359437905083,5.29017754901812,5.13755943436149,5.12272274464129,4.13832191443318,4.42767842042502,4.56835322131197,5.86441817970691,5.4422935028773,5.13721132037787
"Car7",6.32453296304964,5.91054223018225,6.26928535290696,6.29561603959842,6.7519118150686,6.50876089558635,5.09008175438583,5.01068854065935,5.81203681221709,4.20450653150549,4.62351713106744,3.9504719455741
"Noct",7.69012390045902,6.95213619607977,7.30383216777615,5.95765612749058,4.72681842622091,5.77983742938074,9.52727543761061,9.34784680415847,9.37574270161143,8.58858308300463,9.1285960269425,9.34246766594954
"Cd53",6.15139191338388,6.19558811417519,6.29344973802224,7.08123983398944,7.70708183743296,7.15311592744202,6.86146489283367,7.54987134883637,7.29791359750428,7.11068187423647,7.44862462124079,8.38898266394009
"Cd72",4.38308761949359,4.09570633743995,4.33367923545652,5.13767866287654,5.7929626741304,5.18983154059565,5.12052776902423,5.22948582469156,5.14001491301832,5.24274011844541,5.21077075017754,5.80583003887116
"Cdkn1c",6.3453550156033,5.87450857390951,5.97615198154507,5.32187294238973,5.12330679320615,5.06100317517034,5.63606128612106,5.3717020925438,5.83223992304194,4.66344520973992,4.69670761364063,3.59553657949215
"Cdkn2b",3.37959622563541,3.23763346080418,3.33347300966617,3.9606317441629,3.53992138535203,4.05344907739036,2.83072093001761,2.87347041329346,3.35814995705626,3.4332050433555,4.66943094797688,4.44219669649599
"Elovl3",6.0603017691578,5.11640433697514,5.71747664322096,4.02030096417735,4.33278158298748,2.75371665863542,10.2455519300941,10.3797075239969,10.6537005435814,8.62434918618097,9.41050136577074,9.09905714099448
"Cish",6.11879308554579,6.11346164595487,5.70328921455174,4.8202489502897,4.65920250212272,4.79814225511631,5.55899271813148,5.94695542751671,5.70472641272541,4.92643118364903,4.87233783257874,4.73433139951293
"Ckb",7.54399532890029,7.90580436118229,7.93280141610274,9.07184581952539,8.83087164684207,9.38127121633494,8.5098955664408,8.32648052384391,8.92273722835718,9.05021845674564,9.33690553545532,9.12224909565202
"Ackr3",7.68836994132358,7.42030595911974,7.40621449264369,6.56480904833154,5.97941413114163,6.19554353344494,8.99795548513781,8.91285915147841,8.68373861386163,8.9810144377432,8.86222550277954,8.59914028645568
"Cnn1",6.78007426275373,6.57064150882008,6.40565991541686,6.27819830354314,6.4054345455329,6.272797557561,7.48158858097859,7.00088807575555,7.47855473291254,9.04121905968044,8.81934526496802,7.57364090441748
"Cp",7.09818182596605,6.28357941230074,6.68508658021792,7.50071774842996,8.20601645516497,7.50522392571981,6.88226799449003,7.23850282798745,7.01949817247819,7.03389146720216,7.30074778970878,7.64287788023151
"Cryab",8.56059311945774,9.0000515151067,8.32368390185423,10.168315366267,9.79510025926192,10.2055611833692,9.13416920908553,9.68526317182874,9.83524877788027,10.3448322092618,10.0822229021419,10.1860143285226
"Cybb",6.24068441842513,6.01608421601021,6.50056746287401,7.18770055588338,7.71891331514837,7.54070130703367,6.18875850793183,6.71486294767909,6.06070369872732,5.51316673332378,5.78535379230613,6.60995751439652
"Cyp2f2",6.26642483426303,5.93618652954345,6.76693456966355,6.67155035646379,5.90779587437286,5.67202042425181,7.01465076908508,7.87611811300253,7.08889070272814,5.62283918072681,6.71558343499141,6.16724118564652
"Cyp4a14",3.06042728848342,3.15783623884721,2.93538796404787,3.0683431406836,2.89837256112791,3.33589645373208,3.71530077144887,3.59254338093026,4.16953244462757,5.07259731232715,5.58300137371802,5.12184295501406
"Gadd45a",3.98032468749819,3.39500705447589,3.56290043024229,5.08992385238562,4.1881501722827,6.44412880757704,4.31865292457048,4.08219972496545,3.80515087970311,4.29507222466507,5.06728337296124,5.18984047518994
"Defa3",3.25134843235272,3.73689302046743,3.78914635469507,2.21204828676344,2.92201947455001,2.4923012246593,2.95512851728205,3.16863067940172,2.50956167711471,3.04008117855158,3.41022327280236,3.00111912771687
"Dio2",8.3158234627327,8.5261623821279,8.40654195355424,5.36973543701701,4.96383302339826,4.21901259859962,11.5932756267337,11.6191716784741,11.7429698575407,11.4066414973925,11.6488326836924,11.3135104589914
"E2f3",4.6405064946852,4.75775881252765,4.80109137832381,5.05311694034583,5.49958425200525,5.49729148210195,5.03479275414735,4.87897887792253,4.86756373805761,6.25324166787061,6.09056969128067,5.79838931627827
"F2r",8.40843797209912,8.10212330303196,8.16031939037903,7.8591670137654,7.53658087310215,8.11563308773488,8.9805832528696,8.79385711667979,8.94253338788196,7.63599048751031,7.53676736063776,8.1157720153123
"Fgf13",2.96456296809786,3.38858210411204,3.62285836997338,5.08547795958949,5.44720729268264,4.38128905121204,3.31818645181233,3.64467717080969,3.59383810917485,4.89397926205385,4.06676076598061,4.22897626486837
"Fgf14",5.74405589400584,5.16223646137573,5.33905997363137,4.66351727304744,4.34294612036455,4.09193606647768,3.66787278182638,4.09481175944233,4.00392522997728,3.72227519748086,4.05191050227047,4.19323571771369
"Fosl1",2.89769302613036,3.34567575060542,3.12004509117726,2.61755364339624,2.74769136369646,2.89383795185717,4.40902987527657,4.52420472474023,4.51063288062281,5.93963005387066,6.97747300037441,7.10212572501025
"Slc6a13",5.34360063880758,5.26915361363315,4.77093470789541,3.35294604318104,3.29567223684945,3.75403242572131,3.55768400739009,5.29215550849592,3.93414000835969,3.45719355962892,3.07663952667846,2.9736742514322
"Got1",7.8088769101696,7.70686822031912,7.98225625695807,9.01111831824323,9.09035799662438,8.98412002528313,10.6987094041154,10.6208905351167,10.7593252591077,10.75206996273,10.7634525357514,10.4473950539738
"Got2",10.0670252972754,9.99121068577064,9.98017056134067,11.0337043860863,11.0177077904683,11.2425392835868,10.1042292060493,10.0265040488675,10.2794630946746,10.7789802050661,11.0141244914827,10.9748290843318
"Gk",9.48425148483579,8.92703219790609,9.11320930912275,7.37798225437537,7.12039286745652,6.85885021971341,11.4259434859249,11.3191864499247,11.3689340121384,11.4224233030341,11.516809765338,11.0444515398207
"H1f0",9.75532139140471,9.41218891143519,9.74458159768267,9.07840862005908,9.65464193401626,9.38373394317466,8.4910411861278,8.65947292372624,8.3845555260291,7.36658538291926,7.16849094350695,7.96047217333447
"Hlx",6.78514677658106,6.33074349819451,6.16508276196348,5.45391263804647,5.92546276953008,5.74543518997181,6.92768949312737,6.78263450310579,6.97703143802637,5.57295257771336,6.23588044714672,5.79779947330048
"Nr4a1",11.3203657118143,11.5171777386718,11.6921118966217,10.6127308845282,9.64457513939064,9.35700416815208,10.3042865309236,9.86662358202338,9.62069368532151,9.16643037659722,9.79502724420473,10.3314212867436
"Hoxc6",6.46702008703808,5.42333280316879,5.85806630352308,6.4006051436359,6.18071404313255,5.62076749710787,5.47539428364387,6.02274556807633,5.19094303092482,4.32272299120694,4.18024597845162,4.04693624304832
"Hpd",3.93879091742308,4.06141755330587,4.60792795082893,5.27758163963718,6.08747403795991,5.3345304281788,4.1040224641727,3.73967001430292,4.1472443458754,5.28005429294461,5.43713073851441,5.82996410338811
"Hpx",3.0704569932612,3.18022216013863,2.9277739564692,2.98060260070817,2.95231265531148,2.88984999124836,5.87285785665469,5.88338771691849,6.17703186848559,4.19285086766068,5.06343417299273,3.98727622707829
"Ifi204",3.84821858492446,4.63652365326465,4.69764635959575,5.75663981162368,5.58082941752004,5.49273880514112,6.07558412817975,6.75368777153852,6.16624982377902,6.19630201427338,6.59041241890503,6.79127864415878
"Ighm",4.60927942800303,4.94803603237016,3.50346855011388,3.25092933016106,2.71441020512637,3.80153933559016,5.42517483694396,5.19194678582211,5.02471052667146,3.35389491191099,3.22198085769237,4.0912931265488
"Igh-V11",8.79955494452979,9.57439917345364,8.87236099664333,7.90359810414069,8.48693561702991,7.70061221842231,9.35250724815384,9.58335677843867,9.57019467740037,9.74005239732288,9.57007111899915,9.30840834507792
"Igh-VJ558",4.60501487003464,3.02995470741766,3.29180339752622,3.69385268581202,1.97229820937685,3.68682280113839,3.98125072636148,5.07373873655295,6.17793073409214,1.58254773394454,2.18277780852677,1.90902881780202
"Jchain",5.34596093539638,4.86834273520695,4.55179956788135,3.74177516166848,3.72356034232839,4.2179296405059,5.45169947897939,5.52817111718374,4.82721483324132,3.79210086918177,4.13983180310409,3.69336556159418
"Igk-V28",6.04685885394952,4.98523326963351,5.54166027474631,5.1693106002937,3.77394975624154,3.56987267473391,5.07154838819417,5.52823208295375,5.86898344105892,4.0764405117694,4.23973548493473,2.95800818625967
"Iglv1",6.35338912668068,4.79288010902684,5.39544906448651,4.97363973034206,4.58952103612819,4.46562933119161,6.82399959323158,6.74331976816459,6.04277764679627,3.87250552036595,4.84166010054181,3.20881306027238
"Itga3",4.47267321198483,4.54389909755015,4.83559667509663,4.60928245938885,4.82795972300573,4.86077194161876,5.44025962089522,5.74856250135461,5.49327906529781,6.4863026233788,7.05977303538537,7.35533498547431
"Itih4",4.75569462304517,4.10689694264112,5.4167874936461,7.09724428047421,8.02872984391651,5.47246798415072,5.41911455338301,5.85188852712328,5.58607576114608,5.59030415293399,6.55304417255628,7.30418123645743
"Lcn2",3.9119328287657,3.36670017745696,3.85236426284457,4.28207456817822,4.42467145042355,4.17551651954596,3.70354935833043,4.2642011118025,4.57082168480152,4.87572596139524,5.90986690309912,8.03710510211979
"Peg10",3.73671049975291,3.47028318120952,3.45326904728321,3.93543232868074,3.76850085570119,4.11968961947815,3.95881677380944,3.84809257662686,4.3154914424186,5.38529070508196,5.31823326054724,5.24594222396219
"Smco4",5.3112099535305,4.74537446742467,5.93499036186704,4.61264451267146,5.00231263340902,5.68762303018672,4.89500261444609,5.23787276063628,4.42738853082051,3.46161689291389,3.69382083329499,3.61810104689987
"Pfkfb3",9.59855710414866,9.20636203604629,9.17110825455668,9.28247293631364,8.77571364618243,8.82588285904547,9.9651461310852,9.89361358005056,9.73772133719531,8.90820125451774,8.94232371745032,8.32915971413124
"Lyz1",6.02877051112484,5.80981643313358,5.94127368148562,4.88819747254124,5.93621113540846,6.0524188738428,6.42956789950357,6.40658652439261,6.83401096104079,5.00091777344779,4.65023035237427,5.5645768584862
"Mbnl3",5.36038164922257,5.46142540411595,5.5888882230115,5.66423003587783,5.69723564077485,5.78609192053997,6.07255556268167,5.77474897613852,6.20502109790174,6.67313085530583,6.81306555640558,7.63304172917251
"Syt12",6.62177238378168,6.37504955244018,6.25361446077754,6.05348277309652,6.01013609462636,5.04897171894953,7.08413837451784,7.28530418585187,7.05380965245688,6.12863569054811,6.13148567124092,5.22999012748927
"Galnt10",5.80509181476173,6.21859710830487,5.80954159598692,6.22810460775836,5.68969677486033,5.66794202401526,5.56266324174217,5.61089946054567,5.96863479642206,4.3403874606052,4.58002938041443,4.53111638451081
"Mc2r",5.01861720723929,5.26123538112919,4.85569485964179,4.83595380179918,4.85402291948836,4.46317594107602,3.72561056555137,4.39636978069358,3.4514217389424,5.04001070351903,4.80700303720124,5.53499653766848
"Cxcl9",8.87310852206119,8.9745128130109,8.86195679527274,9.02250603921753,9.76575097123276,8.5380151117454,8.89894298944546,9.65695735256159,8.78711371299744,8.06354000797342,7.73042406963709,7.9884417286491
"Mki67",4.09623620393946,4.2608337015887,3.79396822299755,4.72918636527758,4.65665940130572,4.51459391568313,4.48440016844961,5.03406049137252,5.20299633623722,4.02782324645975,4.21152699247109,3.97261502607094
"Cd200",8.55179670952333,8.56675786317968,8.58550208089626,8.3788232025696,8.50025197816618,8.60902919994104,7.49052380530871,7.00643559040885,8.00437948283524,6.70421886380501,6.35042231863406,6.36622291037792
"Cited2",7.98289527514754,8.37346247519611,8.34644283894909,8.93056206086261,9.61192682447091,9.39919493524084,7.86159385869452,8.02538352590507,7.9327541051528,8.5773992188822,8.39584209855238,8.21638953905978
"Myc",6.31192782431221,6.99807359696173,7.36981513009637,7.41776469653934,7.6650748387459,7.2082607411626,6.42355031281369,6.82631211375418,6.74557073301754,7.50674270981229,7.91535590075006,9.07681787067134
"Nnat",8.2791962224943,7.65979049691013,7.92184693045691,9.14453687065983,9.47682150652247,10.2389154417186,7.55457989951178,9.40450090895451,7.78516582383766,8.15652462875618,9.08772332527396,9.39856223457499
"Nr4a3",6.92277901899471,7.53138759486086,7.98382139126464,6.3384982595653,4.53458943754389,4.81800723336102,9.6997934198395,9.29683904849012,8.98535171360373,9.67085381896172,9.47950555718478,9.49667336943429
"Npr3",8.89051515491832,9.46150551048401,9.65709154066197,9.72655263223378,9.33027487472496,10.5685050666683,12.0549027290793,11.8591714070945,11.9950103110327,11.115658556234,10.6057383426521,10.5470869379118
"Ntf3",6.1932415809667,5.18882068503884,5.47575514952752,5.15342694250216,5.54526192457905,5.98748296026614,5.60474153606006,5.43556371642245,5.01747875887433,4.42372552963168,4.43380563118331,4.09527408083641
"Dusp8",4.12104186221696,4.41292249972687,4.92537535937133,4.56207371754241,3.37313509236726,4.68933599807754,5.81741714179051,5.84006316085957,5.64611468101507,6.50004844125543,7.31815399035464,7.12748941800869
"Hspa4l",6.62069042145212,6.29802907030073,6.4762282002897,6.80673995715029,6.34149763235897,6.69087364535044,8.95259638067013,8.85646627746962,8.91598914657311,8.37126255503636,8.04558620652074,6.83908399088164
"Pgf",2.07041896923649,2.01190641406585,2.81832375157981,2.35349898356064,2.73364414791301,4.3073780579301,5.47021204117653,6.39342037578917,5.69520073409129,7.01931489637341,7.13904175442937,8.25906851360509
"Pik3cd",2.73865140956869,1.93849022145407,2.73650387075501,3.43830624382731,3.80295161453359,3.30157325421757,2.63496418109664,3.05518696085938,3.56968493143576,3.07223507040367,3.06633096427028,3.05941982028902
"Pim1",8.78803200227289,8.81282761852417,9.19952301315067,8.14873945653659,8.06334675826868,7.43025355115577,10.0175829719957,9.77159747827926,9.39433952834783,8.32356359080655,9.09555128148987,8.46657569551734
"Prss12",4.85144792182569,5.20977338795436,4.21621918525385,6.59041930406327,6.43477746591559,7.21888748376748,4.45297570531675,4.62458487307442,4.82711717859274,5.68176856461825,6.54743693191999,6.66492998495109
"Ptgds",4.98353943915054,5.27951189381437,5.68526232104003,7.5643820947298,7.43135443230877,7.81136754842603,5.34535829900464,5.55603793546872,5.57997621736211,7.10582537042151,6.60795659546654,8.03992827574689
"Ptger3",8.49028139755178,7.90739935470248,7.89667588353354,7.08323522688173,7.0024220744676,6.39050367767659,6.05484185257464,6.39339088686006,5.59108094855873,5.20808142307123,4.89115036119918,5.52179606313384
"Rab22a",8.23417717262735,8.08472872369632,8.90946854946883,8.14853663813422,8.76311385677946,8.65753261719857,9.34846470504254,9.06911885621762,9.05434644286171,7.4633884135206,8.23714092841809,8.66510346032907
"Igh-VX24",3.95750273918322,5.41559440362663,4.91800291387601,4.90735855987783,4.31726164980739,2.76435416193267,5.29708772155716,5.32665375778043,4.90349066598368,3.39227774803514,3.1276209327231,4.05641904856541
"Acsm3",9.68564288854738,9.68143068947583,9.97286057972838,9.20155127604948,8.93974848248193,8.80699793833683,9.69947815578129,9.25308522151865,9.28538666205904,7.37464493538994,8.0347254006593,8.52786922178728
"Msr1",3.89157251836243,3.48499252159164,3.82954449202624,4.60467143554687,4.55516343029925,4.0074196563137,4.00512072317633,4.35113207768004,4.03649591160686,4.77235954811936,5.11614593353632,5.64267840757988
"Ccl2",3.40243393266349,3.05361785702654,3.62039048919505,4.89165298107781,4.75667660273057,4.83913006269759,4.60011556898725,4.64399701736543,4.88441480299041,4.56444091223048,4.34950792557885,6.04459713980839
"Ccl6",4.92010559331613,4.44310588257664,4.85385945867763,5.82395840018846,6.25254945706104,5.60451333325854,6.75413846851716,7.18545356843846,7.02167875949301,6.88013525072093,7.04469891594597,7.89035282904075
"Ccl7",3.93553232683581,4.19100812309951,3.87842652475381,5.14155696426399,5.26748638195595,4.83365086970919,4.30991827232898,4.33269006775626,5.03709505273775,5.38544572977381,5.55118132272239,7.08532078463602
"Ccl9",6.26049131914497,5.58614624933742,6.0784832544135,6.60229354115468,7.10550301629629,7.28315861040558,8.11752237617085,8.56923072370309,8.12488439172851,8.34318348502785,8.91558805479827,9.14013627471739
"Sema3b",5.48264124229208,4.53789849291819,5.10330398047156,6.29038969157998,6.33826086761365,6.55042699852296,4.57675157731213,4.4391951688013,4.35589008431778,4.71785863638452,5.78183104397512,6.06916341128696
"Slc12a2",8.66331151180992,8.68182578320069,8.61218741792372,8.05804413184428,7.81907871424866,8.20009602075472,10.2034361372512,9.99552489993109,10.0673987345402,9.23638110167015,8.7176101036867,8.1840566401589
"Sncg",8.13411000691824,8.18711322625103,7.74372195565919,9.27818047460488,9.58002142929809,8.86015809189879,7.85893193678471,8.79500081712552,7.89023178933612,8.75664538015668,8.43039906306287,8.41671470866497
"Hmgcs1",9.95213793098495,9.19768003681557,9.35297650098831,8.51007187069428,8.20586654332549,8.63929012812118,9.78778881682671,9.70689822601016,9.72269645416845,9.1652911587935,9.47843122966399,9.68964563572752
"Aurkb",3.06344065712516,3.4478967795273,3.84729227239359,3.84942900453591,3.76590553522523,4.26973014256046,3.76590553522523,4.76516223514978,4.46544484907655,3.7175629295627,3.07509220718154,2.30488327412574
"Prss27",4.62747230186519,4.61841726645108,5.11122034652193,3.32708605501192,3.8670662145171,3.74307486942393,2.76928732910076,2.48405770715158,2.43617735993396,2.69534662097877,2.84193101197769,2.46796072399307
"Tmem82",3.76797067113521,2.89343879481702,3.18897440474082,2.07700490605701,1.58937696013477,2.19350603236298,4.852578155392,5.13888760898089,5.26373152933252,6.72335065097802,6.8967311683439,6.04107534843492
"Tcf15",7.0624478421592,7.39727522071081,7.6288631687761,6.87939779297068,6.49063952567835,7.31897798988183,6.96025153862485,6.66525445496602,6.73869927112649,4.96212297294804,6.16205794284659,5.30489289476071
"Tmem120a",8.11440971751376,7.43212999229404,7.47771698156873,6.93563706486908,6.72083658743587,6.13308999511779,8.06176069185978,8.26299422035084,8.16060331164017,7.67482406269319,8.21901018182531,7.93788008735189
"Socs2",6.28288075456814,6.47166811255055,6.70194585898176,7.3244245568149,6.91729929413316,7.15135192220587,9.90322364874039,9.69071703252359,9.72198166404784,8.39619841543725,8.66521026441001,8.78876193520358
"Ccdc85a",6.92162424400484,6.96881512189069,7.15595484187317,6.87527151757822,6.62348410954934,7.14402071856837,6.76546496065918,6.53719548718682,7.06285492119015,5.26944046606438,5.7706198413963,5.34893866046015
"Tectb",3.58868728971117,3.69836659281701,3.3086027081288,3.4010579452751,3.50138176765841,3.48459042552682,5.89479326068137,5.97838857663175,5.99999019831718,4.47968637475133,4.21928918513911,3.64502249682657
"Mlh3",6.31738028002501,6.44559113650408,6.57761806593476,6.06011398786547,5.69515386906594,6.01130685883635,5.44449579432197,5.37664277534282,5.37929736936406,3.51119962348753,4.16812478468228,4.30237763220997
"Tnfsf10",6.33492405442236,6.15552599678864,6.30278244602584,6.62427499138747,7.71883967254999,6.22627351758097,4.30550112792355,4.83608645924729,4.83198927255277,2.99318359641094,3.95420983321158,2.88487438986693
"Tfrc",7.22024398438346,8.07404560815943,7.77608508690936,8.33864514087517,9.32772127656605,8.48545533047873,7.52150743991208,7.16846567275175,7.12390657218014,7.42197245681352,7.34782894662795,7.58780713536279
"Tshr",6.75125841947964,6.33815613875879,6.15088078666657,7.145493006665,7.07148120930043,7.2101526855542,6.54173051404801,7.10274952970228,6.51278191474092,7.94994582018883,8.20158192494246,8.27546278255895
"Abra",3.14908190347897,4.03032921079019,2.26675959251034,5.7073083599348,4.71847008912327,5.05658614704983,3.9800977026998,5.29557500797687,6.4845867138515,7.42321260529921,7.5207212953019,9.29051223516133
"Vldlr",9.3141784721236,9.25978614567802,9.36269011210226,8.89129784246532,9.01647541499725,8.8583932975719,7.69062837566812,7.73857113909777,7.88591091243047,8.38783712198942,8.79545118443528,9.50712932697177
"Krt79",6.51733973939025,5.0817640234546,5.73496755276205,4.71985052037941,3.62514717990037,4.00639969126936,4.35559281328515,4.09077031920806,4.14460228671467,2.85433396957626,3.84332480200733,4.03709590086493
"Adcy5",4.99413592989179,5.2789047553657,5.42212291640441,6.65597677590685,6.3634135525486,5.95722673046258,4.91702678963816,5.54519432767403,5.00567893142314,5.20924234245562,6.03592725907708,5.54415775481897
"4732491K20Rik",3.99943470043098,4.12523445132479,4.53445400629516,4.49814428039249,5.21390233619946,4.90625111124471,3.79713252432787,4.23322932233895,4.07197580128572,5.08244297583186,5.26188096428902,5.065532812216
"Adamts10",5.35572196260371,5.2265448051822,4.91006373230172,5.0054716464889,4.98214913342981,4.8040371471982,4.8267834579856,5.03254908711304,4.66971286731184,3.68133254792104,4.0264133048546,3.65353511884977
"Cnst",6.96075982952221,6.29864108504979,7.21714332270985,6.56537253046644,6.60995195152694,6.79349772687577,6.90299391677374,6.7449539396752,6.97032615215109,5.20230458169686,5.61677698228529,5.88077534322462
"Zbtb7b",4.46278673315694,4.52310486471082,4.61355444390018,3.6601521659488,3.37672364125686,3.15109763095712,4.26553441952168,4.27131439134419,4.56077117191808,2.75245615999525,3.29958910138086,2.85725319880997
"Coq3",8.80316409066845,8.42908268482528,8.9016615558033,7.90623224344827,8.08074692201321,8.28490272104286,8.04512194659836,8.20507163378138,7.8124908616898,6.43277571622346,7.20172090864491,7.26658403415057
"Hcrtr1",1.73712626337077,2.43570111702012,1.71923217789506,2.12159654296481,1.82951593117552,2.25901405586442,2.1768033113005,2.37374693949968,2.78945548216337,3.45477878215727,3.55477348492851,4.38292968796451
"Fndc10",6.53298629089283,6.51248143251667,6.77964274791282,5.70363208573348,5.57934872810315,5.51292908700832,5.16167059531075,4.89743776186808,4.91837055316683,4.58669807426003,4.35025777805214,4.95234362186783
"Gys2",7.84961420182844,8.3240995195367,8.56669335831431,4.539103499554,5.41265945037043,4.69041562683639,8.33458367266406,8.43197304021422,8.46305846138009,7.269642012604,7.24067028466946,6.46789201748313
"Gramd1b",7.95219241693838,7.42457308243833,7.66213567045587,6.58186498455053,6.81775479804138,5.89177923598459,7.12073974227096,7.11118117607926,7.19877421991299,7.03602792289343,7.78847657361508,8.19041898911915
"Lctl",6.26085262447906,6.739813431399,7.11421518965758,7.61417681734066,7.69021077280289,7.90084294507474,6.729814271169,6.82197336882297,6.76374887716276,6.47634220006505,7.1736098519567,7.7111157241085
"Acaa1b",5.05480416192454,4.18606378518276,5.08920542963132,4.10232416996639,3.41397706230169,2.94320354095424,3.9792619386897,3.8692683477527,3.55971055943569,3.15280647994895,3.82257255921012,4.02481281778731
"Igkv4-57",5.62751818954548,6.3326636751137,5.06091654667872,4.72700510123619,4.01993145079491,3.98401005764591,5.63547119014529,6.75403238288202,5.37481597361409,4.17496941556721,3.50563736685578,5.12931257933123
"Gbp9",6.02784071525071,6.04429844022234,6.37036611946582,6.07001399575856,6.9899026436227,6.26266732755858,4.81653508354344,5.21581784880758,5.04547911819673,2.94026797912572,3.63280422851217,3.49175954177039
"Aplnr",8.41226565419458,8.63664011694569,8.30231611042018,8.59373965089015,8.38655163408173,8.34088367462204,5.72426922554394,5.48380630112509,6.35651608820968,4.27136066597448,3.85831539394216,3.31319239788015
"Aloxe3",1.94844344528929,2.40845096518732,2.15417005940549,2.09983866281962,1.99477693992953,2.00819230243025,2.7578390119036,3.15295380731553,2.52680015337858,4.72818357224219,4.71950977009663,4.96322621771037
"Cd52",2.87617640226245,2.31213508207154,2.82925950729209,3.4289795678632,4.25790791410352,3.45087135800816,3.03776688294408,3.57074065628311,3.26858242555664,2.51044461580077,2.58355907328368,3.16738571261499
"C1qtnf9",7.06847078318275,7.04888369795184,7.26357475665258,7.37962136508838,7.23323484219758,7.6371235784955,6.95365647300793,6.88532204212337,7.27690987207083,5.96717936412848,5.95794536881822,6.23727689555643
"Rasgrp3",8.34355365017918,8.18376706209994,8.2621247560614,8.42087788351411,7.90166756456875,8.22209328985606,8.10071942999864,8.03751376298637,8.55364779585405,7.70339893199911,7.24130133825201,6.63546414799464
"Slco2a1",6.61346268763355,6.65393002980736,6.01026653852378,6.67889837884552,6.45854406122534,6.13842802440541,6.12701371961631,5.35142366428963,6.07836023527549,7.01445043493383,7.22547228326969,7.18293935254825
"St8sia6",5.60139761810644,5.76531481283156,6.05624691227601,7.19561082332099,7.44106153741345,7.43909972749093,5.82847552352062,5.52536122231968,5.84919815187252,7.16931482402743,7.10683127012832,7.07164435637039
"Ldb3",4.26962005713988,5.47467719878548,3.92274562053513,7.68234607894551,6.53478926792565,5.64288732985156,5.62339360405777,6.37573155964717,6.87511979034453,7.67405207327512,5.85007056647764,6.94309185930701
"Dhrs9",6.9828830847196,5.91309442149586,6.02399719044408,3.58128955626404,2.76286502257829,3.57187586889293,10.9958246341973,10.8491354194904,11.0834795470019,10.7143355216626,10.8588596906406,9.94910768823939
"Tspan18",10.0992516644406,10.2173634751172,9.92044136184478,9.92039820736141,10.0146004849133,9.48863914147874,7.79130070725595,7.86269411577338,7.95249602036231,8.80813755979001,9.13368544965315,9.39703758418153
"D630039A03Rik",1.72691113354954,1.82461688115199,1.93558725946137,4.125147550425,4.08551510124189,3.89862611334525,1.53461876551585,1.75649942951776,1.62902014297793,2.19971431982622,2.08797914477644,2.77557116202806
"Ifna15",3.52101480105026,3.2295453034002,3.20932830621278,3.20002045802271,3.57756180008048,3.86876556312604,3.869744409991,3.99242732657701,3.9906233426839,2.84078219493563,3.26775391261535,2.68017868846624
"Igk",5.57330771308619,7.13832729931169,5.38959131844997,4.44900994414994,4.30133143315144,3.8231721904946,5.96761164114278,5.77115902958735,5.59495443018985,5.25995490840827,5.22452659860773,5.30489289476071
"Clec1a",5.46901443172758,5.55479405215288,5.85678040975872,5.9219155619728,6.22627077735183,6.13017458932348,5.47589587724877,5.21092061819802,5.84042928364425,4.65466573244943,4.50227753252299,3.93438066732041
"Slc35g2",2.86258062991168,2.98366754023556,1.91498014804704,2.95519883143892,3.06900915110139,3.28928364831085,3.70038861790668,3.17477956630079,2.75113066939069,4.54442671087155,4.09043566639182,4.35936369546488
"Olfr1372-ps1",2.26558191678456,1.79033628057812,1.99807191122631,2.15715030713636,2.01704171418732,2.21709383895323,2.76120823964566,2.28407528337936,2.48774440331526,3.40009749412624,3.715299646821,3.73896912985346
"Olfr1411",3.92424465555069,4.02035673931919,2.76383575580114,2.20046669994621,2.15079942831686,2.52620464545672,2.75643469156722,3.18477368621531,3.49401719231274,3.43329769349588,3.18583366588436,2.31744889087426
"Olfr313",2.2412946251089,3.40087101511104,2.83230643199398,1.14556354322459,1.59726761864879,1.24725383683142,1.01149369643662,1.82484074774916,1.08200793558789,1.68330375753022,1.57738860770481,1.32462433098238
"Olfr1502",3.92945655007394,3.89002666132313,3.84689240422218,2.47263291450886,2.92552554312946,2.51661805667977,2.26307646516193,2.8893757458444,2.41105990288586,5.13840666785868,3.14335286432,4.01141453973902
"Ahsa2",6.93859105522052,6.69278378014487,7.2892266599574,6.41607667324874,6.88172376622822,7.09825543643253,8.94574522193133,8.3045499626,8.22467233343792,6.93774996769868,7.24864537190565,6.34496653587728
"Krt222",4.98323865872827,4.55488201047359,4.98648792061165,4.57812418380607,4.62017994172408,4.28642057818264,4.38129198145703,4.73902979220141,5.12773809155574,3.57429685417449,3.44917911872171,3.57061699928154
"Acot1",4.56164533782837,3.52083634166628,3.65238890123907,4.08316990169054,3.20620257348258,4.31638756401261,3.28031677358531,3.60867829918484,3.99802732777607,4.81581007500863,5.23615615094694,5.73644357928785
"Colgalt2",5.00777556389471,5.16855751496291,5.18104083149748,4.74123151020149,5.00687890291425,5.12492511734552,4.6654791979625,4.33927392791787,4.66596562895292,3.02293034808126,3.52104243685411,3.3865821614051
"Zfp346",5.43008194945866,5.38112608956933,5.4286828939306,6.01288082467791,6.21312740296894,5.98204997255337,6.48485865135727,6.62436454649751,6.36839122985715,6.15007010358801,5.67904406307692,5.73000512181295
"BC035947",3.93255042838146,3.97899897925862,3.09013443914546,2.9291266436247,2.02837013711268,2.36860965010251,2.96396982477855,3.61516387882522,2.99903364739263,1.90136573642925,2.04865064399774,2.64234797643257
"Letm2",5.76895568541368,6.85960663620845,6.65694213149024,7.6681775348841,7.45751659249588,7.45380822001118,5.17557442999017,5.11064085092589,5.29266822539502,6.22809851501398,5.71025362684904,5.48405243537072
"Aoah",4.42919790063394,3.99991618978842,4.09607050414993,5.02204871577055,6.05039066932005,5.42096140777272,4.78241917232002,5.41042460637328,4.77840153351037,4.8732367118474,4.76505103795659,5.40530553736597
"Olfr519",1.90879425390209,2.25627452808008,2.06718043248751,1.15588169158783,0.771092223378925,1.14603272503266,1.28272251996875,1.5571734279711,1.27541756654683,2.51224308037124,2.28926721655703,2.22628497110631
"Pde7b",8.58885302606433,8.30223411845708,8.46705035160952,7.67410532593785,7.65842255769065,6.94551114774231,9.14139322112199,9.40007092546612,9.64573781382801,9.00901262447406,8.68762108779266,9.22162580621597
"Tor3a",5.45887043367518,5.38189973307097,5.40895033953991,6.03683989942309,5.78152039739493,5.96338884005656,5.33438837553225,5.69228119086413,5.4344747839417,4.81406524700811,4.93984193935559,4.55345368736446
"Mpzl3",4.72152590558248,5.02806246771537,4.92893035909625,3.94971887111428,4.0488753102904,4.25355641551395,6.56808529544901,6.07254242329361,6.15245191298738,5.54062167570075,4.89726449317971,4.99384857128793
"Casc4",3.93459464344929,4.00136676369919,3.62572449329002,5.09762112362413,4.2926671178606,4.59359132533481,3.579179711128,2.93632015907309,3.03028572943237,4.36346473979905,4.47495292702407,4.76599564643576
"A830018L16Rik",6.13026283160234,5.84848102147165,6.09166189867414,5.00363829429605,5.01318760733519,3.83484607413631,5.84453507184923,5.4749040660912,5.47539466236419,4.4424954500886,4.47066080881776,3.51963026012202
"Negr1",6.81356259578579,6.88058125350136,7.00330646367304,6.44767726780423,5.91722197652824,4.870361226766,6.06117922030413,6.26431583418771,5.68043019288493,5.78930282505156,5.61506778847625,5.7474569121137
"A230056P14Rik",3.31570127131332,3.19143511537574,3.74390751807576,3.392185396239,3.36266044519482,3.43424115415702,4.09694620012002,4.79216645739647,4.40566446562124,2.94344779842851,4.20498079997927,2.9277739564692
"Apol10b",3.13091013369267,2.80117330546594,3.56381153968076,4.45749912089709,5.45305430246462,4.23168566577474,3.45430623946757,3.31867595412765,3.44492251148387,2.55847661102502,2.2566177650346,2.67592705176398
"Lgr6",8.590570425346,8.7999213406923,8.60625726468883,7.63014727846506,6.79078918238676,7.36920050423406,9.5520427977419,9.49735819991784,9.73572671453448,9.2159550359418,8.61007243826321,8.07045847419803
"Syt14",1.58738181676261,2.24883980885329,2.50802283742894,1.38043487949702,1.31842464087556,1.50234210344684,2.75642583998794,2.80306243839683,2.83500417124727,1.58186513486313,1.47188136219765,1.42822140187219
"Dcst2",5.59108396576395,5.40951019100591,5.65431508828394,4.0006589982564,3.47687576878375,3.72838025437846,5.16635909603974,5.04443411186537,4.86684049484025,3.54001046763736,3.52584725961445,3.48033327135993
"Fam102b",6.60631694617339,6.99940395610901,7.12765268305548,7.6065450258733,7.64950019533577,8.03404947356568,6.34229738608907,6.17926366950447,6.21239635655849,5.44876919150607,5.92002980033751,5.88861941603063
"Trim67",5.81536067168234,5.46268882906556,5.23908246065117,5.40755675687954,5.66368739975571,5.60059774757414,6.55712349531365,6.44108233466439,6.87515548898525,5.70951247948148,4.81053642111735,4.34467356983334
"Cox6b2",6.47672525228622,6.45422593756538,6.63504175085413,7.9513072421734,7.71655365013006,8.32516513243567,6.7812173684163,6.40356347385221,6.57408390686373,8.11774723797087,7.46103329810679,8.1140715794637
"Scgb1c1",2.51862456541515,2.5505276411711,2.49669283876078,3.59258523284786,3.20002726495141,3.34190304512365,2.90359085294847,2.35467755236091,2.63976066235793,3.80865730540714,3.19043307769093,4.26088455167729
"Prss33",3.29225200288851,3.03635297467968,3.03704382012136,2.40504172194034,2.35726753424087,2.53028132023254,2.45037270362941,2.62974147851841,2.70610107062347,2.9458066957978,2.89342363597581,3.35782778146633
"Speer4d",3.71277188481598,4.4856651218831,4.97098432339182,2.6469173362708,2.00775449764376,1.44392937643584,1.69584124475099,1.77706812850423,2.28961503606466,1.43191369800818,2.27168204438657,2.08488040060938
"Ccnjl",3.22901144619587,3.11899697970309,3.59071212418714,3.97088521015244,3.68639574755794,3.76951967862713,3.83503254442949,3.40532616693345,3.96772334119587,5.36455047244101,4.61913997369077,4.6556177465609
"Ighg",5.49628124345454,4.72994230307326,3.97506630006734,2.1220827165163,1.23256459924539,1.92335058057982,6.22261767944963,5.51139829646264,5.40274375653907,2.20479443586065,5.85006036058925,5.55040187873628
"Gm5144",4.61026364617377,4.56656032409576,5.24854457186696,5.11571265483375,5.44220173860849,5.8459984848676,6.54584832389343,5.81193820403758,6.27041604303128,5.09208373247182,4.32584883574204,4.27168496841305
"AB124611",3.82754925195228,3.9355582961655,4.46441602751239,4.94124408466405,5.8235226548974,5.3929464947671,4.70590736870752,5.03268551590921,4.84988732686547,4.34562581935256,5.72574922217042,5.79326599399848
"Odf3l1",6.43407495570337,6.67366430113405,6.56160361066459,5.22792785322196,5.07600686450695,4.04129096244268,4.32171889321856,4.75774959802972,4.3037202446786,4.39224139598477,4.20780655844611,4.08885832348863
"Ighv1-19",4.74659400247048,4.62096017045324,3.86463309669628,3.21727274321075,2.74598940156488,3.06981014762724,4.87414995546849,4.58341993596666,4.06725018331235,3.32798248859666,3.1773713887452,3.96920214442143
"Igkv4-72",5.97218550953356,5.33591196786785,4.31265359696454,4.45713248997221,3.15794372122471,3.12929873789799,5.5235053727714,6.70793654937939,5.00202544566562,4.35173545043831,3.38215064181361,2.85368827028092
"Mir99a",3.30372989164297,3.50307036048802,3.41627745614888,3.04590924646041,2.15796830403646,2.20822859107006,2.83024851798303,2.36275863604059,2.15806020134592,3.58800437003102,3.37544445492577,3.45642841083726
"Igkv4-91",6.57529070523265,6.82824199026839,4.6420407926743,2.57348497819078,2.72035984119759,2.76847631333476,4.92274386056914,5.72641139694596,3.17186019006847,4.49592808265757,4.02630972689612,2.70909268134441
"Zscan4a",3.98036059033459,4.61995221754738,3.75824009997795,2.68749177591787,3.4652281401247,2.83942766455103,2.18909271296242,2.45455042484007,2.0824057711903,3.22219926483483,2.92146674658929,2.32479102595819
"Lncbate10",7.89907769461222,9.02638933633248,9.7552203360964,7.0053954568596,7.35224205843645,7.66040318264477,9.90571409753376,9.98620407378663,9.82891003891335,9.83119380248195,9.84240101997395,9.62730560320795
"Ttpa",3.02730243664645,3.99186806911686,3.20140563468515,5.05126608062528,5.093620361907,5.95095312777197,5.1665899920213,4.85208490919183,4.89126652410123,5.38876416888556,5.86641050785313,5.76354212121989
"Hist1h1c",7.99678458431815,7.06107644288463,7.35431451672388,6.80031141535244,6.63444215990812,6.55996984946259,8.06479493326717,8.01431690419483,8.27751754211655,6.42596107379137,7.29196788044866,6.97400302721104
"Neu3",2.9221783806742,3.3862863343948,3.56811344352791,3.6372526843741,3.80727166396356,3.94363122837044,5.76351222622822,5.57530615503852,5.23324713894045,4.11885981219659,4.46794850565169,3.98280789473861
"Lurap1l",5.59718538379868,4.86954521438353,6.00707814655621,4.95734775646842,5.917449245575,6.0086104144144,5.83144703921453,4.94687747928168,5.18461870801572,3.75747667701071,4.0451583030875,4.47811205755222
"Mtg2",6.19626993963284,5.02141782096845,6.40706521140561,5.83649775866143,5.99989698226172,6.04498649378734,6.29933036880448,6.42273266401851,6.25191847069661,5.06574730916375,5.19855815230645,5.32591960371728
"Cntnap1",7.79822701058962,7.57619557061173,7.41959764320408,6.54867368817455,6.24441837549903,6.03409378796379,5.70965202564417,5.77990216565471,5.73384593130138,4.81846996685158,5.06391883122145,4.88031229830881
"Ppp1r3c",8.17852771470552,8.51146423191588,7.79480541162666,7.51421811151903,7.97975224252406,8.23717364873516,8.73241378707083,8.78493190071469,8.84950289959789,8.17626914150008,8.0799042368627,7.08245407888344
"Slc4a4",11.1520645232402,11.0514133738142,11.0889918322228,10.0563782161323,9.94285702945117,9.70507890816548,11.487200676186,11.3640350361136,11.4717913424078,11.4835504799412,11.4262938957283,11.114442695884
"Pdgfc",6.29972073939998,6.10712558353124,6.42204513119926,5.01302133726909,5.65234978885668,4.83732437098294,5.21540051596089,5.12498881818244,5.16270344036272,5.12854944546201,4.75481038696289,4.477831910146
"Dclre1a",6.83455823861366,6.64406051525218,6.95682931150762,6.41514079306325,6.2123348714309,6.38237729571294,6.83252179292839,7.04973321544683,6.9481212959269,6.19405106391207,6.05150872246273,4.82571053249228
"Cxcl13",7.16774788883464,7.37624694079822,7.46508988060524,7.48385987594939,7.0162191491887,8.27685588427541,8.74083074833251,8.51579675597539,8.33168390770155,9.92487405914649,9.84746229344392,9.56421684595136
"Hebp2",3.84171019860116,3.26007655096647,3.52161909470742,2.59810043649566,2.90103423482174,2.90846376751692,5.24572108733528,5.10989291097877,5.23818395152717,3.74716746762756,3.35227279742857,3.60825791888102
"Extl1",2.55876355794486,2.67465581347214,2.44519701125478,4.81130668111705,3.82571134382942,4.29896182883529,3.10672294467715,3.18785194663688,3.65447954524859,3.84769504379341,4.15892712943156,3.6851020211724
"Clec7a",4.3331274203552,4.39355684114924,4.99230468029742,5.6167367422708,6.47718731684343,5.74642038073002,4.56536913520318,5.29063085399822,5.15576639088396,4.15721736914004,4.38559579972011,4.9081305428213
"Ppbp",7.23321680100785,7.61188086061233,7.05778008633385,7.64649080560149,8.13236602112939,7.62288486974729,7.43356963189195,7.07840130451194,7.25886453773729,8.5255185951626,7.92581895464226,8.92220368393343
"Dnaja4",4.87222275722534,4.94245991198304,5.16231717639158,5.48668936304085,5.44731741883761,5.64574137349883,7.40256127157108,7.04017403060366,7.37650101267284,6.07991576212014,6.29829498130858,5.21812657025026
"Tmem8",5.43687185072198,5.75632770871557,5.68492488484482,3.52387967391841,4.62192753492187,4.4462334378245,5.00886010953999,5.26689544187423,5.10865134034571,4.73410233499659,4.85983836140706,4.73087407044637
"Fads3",8.62510315243469,8.6302548080711,8.35057041343653,9.89777967288312,9.97999081731134,9.60337374903544,8.96137234530623,9.54219370964933,9.08831633624137,9.39278863130889,9.91745712756321,10.046070734542
"Kcnq4",5.30385305602704,5.18803652441183,5.43360471385125,6.7553100544967,6.604965745464,6.84425599016921,4.91552572268223,5.01952505810647,5.32138821581244,5.13255287998799,5.5959918647956,5.70198542294639
"Hist2h2ab",5.71007130131819,5.77955931103725,5.81351331800399,6.14924175085462,6.61329213210868,6.30632732627832,4.22263008718867,4.28066440037342,4.18243839465139,5.69332720297465,4.86226421838594,5.61532774149609
"Gm6277",6.24913197779845,5.68441816354472,6.19853642302203,6.3209987855728,5.52652765937916,5.521788022826,5.21822522269251,5.7819826425091,5.21156021130364,4.24991772625584,4.86498110263426,3.7792919617648
"Tmem200b",5.50520740145296,5.1334144696846,5.79788172781394,5.22567361271961,5.53663982579174,4.91451658100866,6.32446730865917,6.20134135227659,6.27630711520951,5.17242044231132,5.81106682449469,4.81751067198549
"Ighv14-4",5.96566406471956,5.5447210928041,5.76163548419852,4.43606537203073,4.90418853375458,4.95399529269583,6.63045788746863,6.54584773414741,6.51879238939494,4.8387742862975,5.09946258986123,5.87394132390899
"Ighv1-12",5.38455808289709,3.74775050011179,4.1726392652492,3.39736701918702,2.57625191069987,2.35781350027196,3.05985693519034,4.28635134892694,4.05595909144433,3.25788030142354,2.77450194218021,3.12155325033229
"Gm7233",2.3187930519463,2.78020192974363,2.91191742162058,4.03171284411327,4.01527985077878,3.93418577122372,1.8731948569635,1.43191369800818,2.11998827906008,1.64206034936641,2.75961194616104,2.54947942108583
"Syne1",5.36616947681179,4.84512136748747,5.76052961682896,5.18659026064701,4.63896941229336,5.60841143665016,3.78506071519914,4.39414697953553,4.25868946258899,2.81996100447667,2.76689572690269,2.69947540904872
"Tspan4",7.29080795092496,7.83424611354979,7.44068252829373,8.42564236782686,8.6156188504539,8.98788780235864,7.35624541009012,7.06641044705754,6.96417999210011,6.48937036694409,7.3130244270765,7.99834028982997
"Aqp11",6.35542791402625,6.59653908946114,6.82415486656298,7.5575958867299,7.55947063778795,6.78022963985109,5.24811574377797,5.77860827891261,4.98677704263649,6.50134872093179,6.51801010032079,6.79437095061877
"Gmpr",9.81323689175283,9.46576265285853,9.56403897542317,8.49264286872996,8.3868009305658,8.81398070946654,12.3369783250502,12.2814915781786,12.2007557749148,11.9221576481897,11.5578966450224,11.7814269600515
"Adamtsl5",4.65790933640807,4.25655526992165,4.03921597700726,5.64520751156791,5.78865973051311,5.51240716765238,4.76480923891454,5.19875518996229,5.14205754144035,6.4017555054099,6.23785205212678,5.40638576869474
"Gdpd1",4.95696742986406,4.05142214707978,5.11040744934742,6.01089802994139,6.54992982360127,6.57914687599742,6.10114525702648,6.06744312391829,6.10862520097492,6.55848863471788,6.56350219114394,6.56128562312291
"Tmem41a",7.63852739592706,7.84955184229128,7.35931148295,6.40010891098762,6.46603552526344,6.53988912836755,8.24003672637565,8.42293502784818,8.43081629626342,8.04027965601153,7.57865211465954,7.55104792796945
"Bin2",2.8512379938908,4.31979881385476,4.12880369370805,5.87932775014893,6.05984753634622,5.43507877996565,5.43526413413814,5.91924771980433,5.41523937956679,5.32810165676479,5.92227406280991,6.40853367063005
"Rnf128",4.49980662902412,4.58136993091273,4.75647821374786,3.77914737042154,3.74118880624857,3.1155391267446,4.83159389359338,3.99804061809553,4.69658991762743,3.83898445211676,3.7772854886301,3.87135473375202
"Baiap2l1",3.39671815340225,3.27955214815704,3.43672279222494,4.83216669458923,4.30955803908602,4.78933979218274,3.49517660910679,3.31677279238264,3.44359003824332,4.55406190057935,4.52138722663933,4.86893252740961
"Neat1",4.73230794557222,4.55102864060947,4.33206495090223,5.46968772817467,5.96524578470318,5.82108075381977,10.1991926213972,9.40566751225743,9.58989155662865,9.89592697958282,10.4146996192077,9.06433141216419
"Rassf7",3.24371444318704,3.33839021323518,3.11669410591275,3.85184803315201,4.23995534182145,4.99507272471744,2.47388777920477,2.69021568648573,2.75122899790364,2.65104779349714,3.30798045914865,2.77470757558834
"2700038G22Rik",5.33200830930676,4.815780057857,4.16034919594245,4.25030444395375,4.20723885673268,4.51061583957535,5.65354902911159,5.90160213062758,5.48498079910965,7.09233228854156,6.49531834059164,6.57914687599742
"Dusp6",8.85635749365012,8.30846805540863,9.05345686548526,7.99391766852097,7.69750855431565,7.4847923544316,9.95942906014123,9.93618410814911,10.0593787759912,9.29064767386813,9.44953168778878,9.91929772600967
"Spaca1",4.55462924809433,4.57943715520033,4.67633568625574,3.67625340253595,3.29695672803146,3.59880039334114,3.5814111430613,4.12323392475191,3.5814111430613,3.05255341171441,3.00878923490525,3.29695672803146
"Sncaip",5.85091464170123,5.81701917514032,5.97674163255936,5.85953408723785,5.88635394164495,5.98747482031685,5.55905236293478,5.3388280468651,5.51983723705541,4.55297029240034,4.64620695878722,4.10559333313944
"Akirin1",4.05402563920319,3.91465425546684,3.66232534965807,3.42831652337672,3.63497703099801,3.49505531512053,5.75257462451579,5.07793271153268,5.3357343696975,4.06210559804461,4.50466105917565,4.48756065139308
"Otub2",3.8631829475871,3.58047471527215,3.56392211811671,2.90253827460144,3.31914287300103,3.06033947806826,5.13276534128992,4.94971088787891,4.99803089800131,4.13818301278695,4.24818256703206,3.63551633684671
"Eci3",6.12676351639179,6.75624631201723,6.80133296541731,4.63194472191911,4.54054576525941,4.00862600654634,6.69566138614072,6.38263831009227,6.23346368185675,3.96456861758596,4.24390732921431,3.7989307194886
"Igkv10-96",8.04419824842434,6.87763158951375,7.78083967158749,6.10142387856388,5.99651825704506,5.65114821851695,7.59613132039312,7.42228724392343,7.01685036657734,7.61326308993979,6.9503228039072,6.75888241482236
"Hilpda",4.54249087083098,5.00490340602434,4.64755799855379,5.46865539953127,4.98373579358492,4.90591047675267,4.7040123571451,4.64135149296117,4.69561476190133,5.6841803109078,5.51717673710885,7.1161961890859
"2310069G16Rik",3.41996600787756,3.29964008131331,3.28778488530297,1.95882814122074,2.56070714278121,2.94751114431779,5.88934667686297,4.65265178851595,5.61977670858074,4.82244152087516,4.10049835782649,3.67813963832008
"2010003K11Rik",5.66762116729973,5.10634913756099,5.51192367946894,5.20922927588905,5.4010975502415,4.92824135909755,7.20987119772715,6.97510822945043,7.1278556606197,5.1248974628216,5.32010683227748,4.86458181148396
"2610318N02Rik",3.24752862785256,2.90434679052351,3.37033500003633,2.68925716862501,3.76232050203701,2.95208065661158,5.86236249893304,5.38442147338683,5.34334403930322,3.7363885890892,3.94091252756299,3.69314903031888
"Fbxo33",5.87758543161776,5.60175926849659,5.89837851552183,5.40257418724877,5.82129668591809,5.83896002101699,7.0152090570994,6.9400680880108,6.73882232008003,5.8264080702069,6.49781334482331,5.28945266608573
"Gulp1",6.7182260257313,7.1196601539689,6.73781099549941,8.2156633086577,7.71695466937976,8.0168114026948,6.15485379088669,6.15772680176163,6.20122377293864,6.57382503846451,7.18272312523953,7.27028419987574
"Eva1c",2.82556775787018,2.91905225682233,2.64068165529297,3.54947073936822,3.09820305309361,3.27298607894426,3.45123670963501,3.90752183683047,3.15812066034065,4.70844631099673,4.61195335301293,4.67291440826059
"Dmrtc2",4.73085220069769,4.12971845574937,4.5784800348838,6.16493273101998,5.19836774534448,5.59198391296825,4.23679405792335,3.21332241069411,4.64207277583545,5.38496114231636,5.57487138123867,5.31211932818824
"Cpn2",7.63335122723559,7.38118700477476,7.67903596101925,5.68232203033876,6.01906438547795,5.67450565765822,6.06047196576005,5.87934499743244,5.74973397076534,5.23558803588289,4.92774886798995,4.73695632179911
"Isyna1",5.57330771308619,5.54563209664227,5.84652897478075,7.07976418879262,7.34120678903193,6.54367306094019,5.9341514888166,5.7239063556553,5.87517758585071,5.91728016704974,6.77999755949642,6.88873579854122
"Apmap",9.19590140801336,8.15994898150334,9.19321867658696,7.62036409594974,7.7110398874846,7.98354700079544,10.2113668104833,10.0662878772778,9.93442649172433,9.32999755013268,9.8173035770548,10.0546928119026
"Cdhr5",5.53606244017016,5.72775559002519,5.55274545268562,7.86978906176024,7.81468006196874,7.9742787373124,5.60867482944039,5.17736148989034,5.50397435401531,7.89539715171998,7.75226150116463,8.06721286875744
"Smim24",3.7667980027611,4.00199565692392,4.61111212335628,5.20431025547925,5.41445523866331,5.80560577547518,4.18155799169714,4.37323646590574,4.1998345532894,5.60637887159759,5.33600917697646,5.34894022521861
"Mir345",2.7970316454509,2.81834576850981,3.66974924096571,2.74770052072222,2.40739341886447,3.18594525919447,1.93663348332606,2.77491072879481,2.18543857233041,3.90793697171337,3.87727941564522,2.89941286627323
"Bbs5",4.53848512222272,4.15911404237272,4.74682225448017,4.8478927537974,4.88964368337922,4.87904906920305,5.41379444937586,5.04997200127372,5.08270137860829,4.3320583976719,4.54007922948091,4.33890445855667
"Crtac1",4.16166531975626,4.0917543290534,4.18860149906382,5.65097221794954,5.37673327938716,6.99874539870414,4.40895405885442,4.67806815744548,2.8619958662039,5.55945115345833,6.17444694754321,6.54461003816131
"Clec4a3",5.53256090179047,5.68710002779592,5.86226391957388,6.7047854898311,7.0298483544432,6.67647030688436,6.41831368950141,6.86797459761675,6.51298433681202,6.78250288808658,6.83458630249736,6.57510485413458
"Cabcoco1",6.91267893833514,7.38040355783837,7.63824995251009,7.11883000847806,7.666723303061,7.68248215052301,5.0185333084225,4.9957003458123,5.23616491340131,6.00125765772598,5.90140065093733,6.5605611977511
"1700047G03Rik",2.88255934835764,3.74342249101513,3.010652143867,3.56626764201205,3.20039765254126,2.94378837213268,7.54747628660292,7.23517091564745,7.92375212637518,7.09236135847597,5.75947977148631,4.1725501536674
"Vsir",7.37316132621463,7.43285495127841,7.75384046145843,8.13770994632612,8.38941167288671,8.36423870263679,7.04313682414975,7.61047652600452,6.95346437904834,6.63460962274794,6.67356343741131,6.85175153304207
"Speer8-ps1",2.51406310195717,3.89469124507888,3.80990862302737,2.47079279849275,1.92684337894761,1.90989822056625,1.89990914753866,1.7197780206117,1.43159946771592,2.83148205530945,2.43619746050516,1.72097131737492
"Them7",4.23710223287585,4.43477452192199,4.76197068154752,6.68822785385692,6.67040275867171,6.4229947723376,4.23380923611199,3.94491732355676,4.58370195642847,6.32331122884725,6.29388530494987,6.35928693265112
"F13a1",6.3047167300129,5.86597306061748,5.86928820951006,7.00594851503009,7.23648917338228,7.01321814864955,6.37138282518626,7.0040602115773,7.09660025812355,7.45294046417208,7.50255616959331,7.07179493720125
"Ankrd9",6.58224864337065,6.89571675669735,6.86902627157878,5.67085907537353,5.74132206539745,5.89659870741543,9.66522119189192,9.68846821115959,9.607464307091,8.2441699454532,8.6007655464933,8.61004113281719
"Klrg2",3.4440110244017,3.38663069036738,3.78468523076165,3.03526154776915,2.85905585586809,3.11499857123198,3.29806058013809,3.21940465701333,2.92145155591374,3.88962982973669,3.69277724337676,3.67264602760954
"Meak7",3.32801259476634,3.44779616440079,3.85645407688348,4.3105112455359,4.58431812405052,5.16443195889486,3.3107505672426,2.96366426419147,3.06630972896917,2.99261856546644,3.39971672296461,2.99923225926859
"Tc2n",5.67695418229368,5.18862065310167,5.20801833022458,4.74336488475513,4.17337589154257,3.76636797255402,3.72312985788788,3.74849859853839,3.28100115320339,3.32949387240525,3.38418149437388,3.19049847814142
"Zswim5",5.45022033155636,5.55967049496776,5.45586700849825,4.61555840487423,4.90375496727525,4.74609833544673,6.29655649008009,5.92450507278701,6.50526630470542,5.72473355355084,4.82207145297479,4.59481240290093
"Lrrc74b",2.0336854708706,2.13738864424912,2.15282415809941,3.33023614291304,3.50410579064585,3.98210540687191,1.82496274906269,1.31193550783494,1.58942511992916,2.12446342777747,2.26044547755045,3.05882021627547
"Mmd2",7.3245360736943,7.2685976984975,8.15659072479391,5.27902231952686,7.08330874239174,5.8034275147175,7.75452097796716,7.50414715908922,7.36390739537636,5.84835824169158,6.25008174629603,6.25631922960752
"Paqr9",8.53307157173645,8.2949427822586,8.2819169084422,7.32338416791867,7.0255905818249,7.29040820092964,8.84303218749357,8.77514941723339,8.76967634860012,8.14145280455255,7.96198460941057,7.32630169036369
"Vsig10l",4.79492407074546,4.48743268378613,4.4005573325813,4.81094366404366,5.25737971300908,5.01389442716453,4.02146985371366,3.58108251280636,4.00725507428614,4.69321383624584,5.10910577442615,5.26807865018219
"Speer4cos",7.02510886893896,7.19998609197399,5.81801409291615,5.17297323614323,4.13241988004886,4.40616267258432,4.22227427260189,3.60867829918483,4.02507162880618,4.39342690614458,4.45047192551016,3.55104146983467
"Paqr4",6.38338679323941,6.52142447724754,6.23281831243707,7.6254461009937,7.33209156015971,7.29402151951176,6.16213276107009,6.37998931202437,5.9326277048942,4.96043753650258,6.36717300840609,5.96415877832525
"Prss8",3.65307232326528,4.23400406681415,3.84543491083482,2.82191720730751,2.72512717429135,3.23893145307757,2.38680687769842,2.32536294086991,2.60393185168589,2.85130855434037,2.56276627594084,2.75827233690093
"Mfsd2a",5.52804514518439,5.45997755599644,6.49016787050752,4.30819885094283,3.45155042736734,3.60540784670069,11.2590883016853,11.314609676815,11.3820551463027,10.1403872689294,10.0395683571085,10.0124219638047
"Creld2",7.35947962679574,6.5730092783289,7.22678201029999,6.4768696289367,6.92008582805969,7.04096541476326,7.93129847166409,7.58274884071683,7.47925845851902,6.74275807324857,6.72564502949738,6.51386568098245
"Dcun1d5",7.36727799154526,7.05832585197247,7.81255953998459,7.13947251759295,7.68898324255854,7.64792541973786,9.0524770802157,8.44739392942072,8.40712538835944,6.63641590842414,7.64174212978211,7.85188516483944
"Dcst1",2.57050721541493,3.09269156570258,2.70392260514537,6.50788763410541,6.46356238250749,6.42244173442185,2.29042213641922,3.15375348759548,3.34295667938726,6.45211600737316,6.77223271868457,6.5923547102731
"Ighv1-53",4.00815936325108,4.72676128395825,3.81950333036664,4.00917401271068,3.77279281717927,4.71523383506083,4.8344311811031,4.90979221358857,4.94222183456907,3.51556090668118,4.04358916216585,3.47931622128413
"Stpg1",3.17166187360332,3.68757375303313,3.56169076136452,4.74103533845944,4.81504252009213,4.32701444581465,3.49585613198377,3.36087656167868,3.15409098040938,4.8381785730464,4.25850631900492,4.10752959412944
"Sfi1",3.43256142678326,3.20705040796335,2.34940652284205,2.09784088653058,1.99706480753,1.71713524706826,1.63081923069194,1.63545064173361,1.81199523050015,2.40228936749947,1.64490702084698,1.43191369800818
"Rilpl2",5.22165745647772,4.63723813798373,5.16992118738329,4.48350612409856,4.94574003818006,4.5696210491999,6.79169151326638,6.58622721957113,6.45993535841197,5.55090303309592,5.33349012874961,5.10162143348236
"Rnf227",1.95121021811117,1.45172772721539,1.57006400193397,1.56435841304181,1.65605165835908,1.80927412760971,2.9905047637148,2.7320147315891,2.94749154706644,2.1467693086714,1.8237848820497,1.33886383988023
"Igsf6",5.71515194261337,6.07517876920439,6.17253264905942,6.95585300757843,7.64422275630854,6.84780081001193,6.86229047993898,7.48137263925622,7.26785219451282,7.50074395244091,7.57529356731304,8.14307628995019
"Vmn1r148",4.03922407100714,4.1192920202205,4.15022959059689,2.98191993701435,2.69135158552622,2.65219432888397,2.24582619079085,2.43809557852213,1.75677736252537,3.31449860009979,2.25649409799463,2.3323536211595
"Sorcs2",4.56469209418473,7.13208462300404,6.10131297015096,7.975934308562,7.8962893994644,7.60387156209305,5.15043406320735,5.13287879790305,4.81804599952399,5.8690227973842,7.0804712795594,7.05605076450809
"Tlr9",4.397172710316,4.11774758911993,4.36588464009134,5.20583413666088,5.34591325299449,5.25413331252067,4.6593681665249,5.13189847452326,4.8489473938535,4.75035576654771,4.51788393001399,4.17466849009923
"Cacng7",7.62303035505751,7.63505532630711,7.07255282966845,8.93495879414592,8.59698436639324,8.17233355577577,6.67215790979613,6.97161103355447,6.64833771321492,8.61052214595036,8.50789011816093,8.34032143682714
"Elovl4",2.68336510389724,2.16760758999389,2.82043925669571,2.32665997647954,1.78901413615759,1.83528583924023,6.65487648031928,6.2728966759555,6.66585013317606,3.75876821558755,2.42328327319759,2.52572427919144
"Prg4",4.67158495852552,4.36777044350336,4.57414891898446,5.01283453443286,4.36267549975136,4.45625464372397,4.89691007823169,5.06237556293995,4.93382838322555,6.36769172605476,6.72829248428543,7.79177452039048
"Slamf9",4.23378293172896,3.61640734234446,3.52560112002685,4.77207217815005,4.67383328395942,5.03557994057629,2.8740084551501,3.60083813848824,3.26114660860573,3.19720768023206,3.36735639769057,3.95901248764187
